{
	"credit": "Made with Blockbench",
	"textures": {
		"4": "block/black_shulker_box",
		"5": "block/sber1",
		"6": "block/sber2",
		"7": "block/white_concrete",
		"particle": "block/sber1"
	},
	"elements": [
		{
			"from": [7, 1, 7.7],
			"to": [9.05, 3.25, 8.3],
			"faces": {
				"north": {"uv": [0, 0, 16, 13.9], "texture": "#5"},
				"east": {"uv": [0, 0, 9.10667, 14.72], "texture": "#missing"},
				"south": {"uv": [2.2, 0, 13.5, 16], "texture": "#6"},
				"west": {"uv": [6.78667, 0, 16, 14.73333], "texture": "#missing"},
				"up": {"uv": [7.17333, 0, 16, 4.41333], "texture": "#missing"},
				"down": {"uv": [0, 0, 8.18667, 4.41334], "texture": "#missing"}
			}
		},
		{
			"from": [7.2, 3.125, 7.8],
			"to": [8.1, 3.925, 8.2],
			"faces": {
				"north": {"uv": [2, 14, 14, 16], "texture": "#4"},
				"east": {"uv": [13.4, 13.1, 16, 16], "texture": "#4"},
				"south": {"uv": [2, 14, 13.9, 16], "texture": "#4"},
				"west": {"uv": [0, 13.3, 2.5, 16], "texture": "#4"},
				"up": {"uv": [0, 1.1, 16, 15], "texture": "#4"},
				"down": {"uv": [0, 0, 0.9, 0.6], "texture": "#missing"}
			}
		},
		{
			"from": [7.075, 3.2, 7.675],
			"to": [9, 3.3, 8.325],
			"faces": {
				"north": {"uv": [6, 0, 13.1, 1.3], "texture": "#7"},
				"east": {"uv": [0, 0, 0.1, 0.65], "rotation": 90, "texture": "#7"},
				"south": {"uv": [6, 0, 13.1, 1.3], "texture": "#7"},
				"west": {"uv": [0, 0, 0.1, 0.65], "rotation": 90, "texture": "#7"},
				"up": {"uv": [0, 0, 4, 16], "rotation": 90, "texture": "#7"},
				"down": {"uv": [0, 0, 0.65, 1.925], "rotation": 90, "texture": "#7"}
			}
		},
		{
			"from": [6.975, 0.9, 7.675],
			"to": [9.1, 1, 8.325],
			"faces": {
				"north": {"uv": [6, 0, 13.1, 1.3], "texture": "#7"},
				"east": {"uv": [5, 6, 6.1, 7.65], "rotation": 90, "texture": "#7"},
				"south": {"uv": [6, 0, 13.1, 1.3], "texture": "#7"},
				"west": {"uv": [3, 6, 4.1, 8.65], "rotation": 90, "texture": "#7"},
				"up": {"uv": [0, 0, 0.65, 2.125], "rotation": 90, "texture": "#7"},
				"down": {"uv": [0, 0, 16, 5], "texture": "#7"}
			}
		},
		{
			"from": [6.975, 1, 7.675],
			"to": [7.075, 3.3, 8.325],
			"faces": {
				"north": {"uv": [0, 0, 1.1, 7.3], "texture": "#7"},
				"east": {"uv": [0, 0, 0.65, 2.3], "texture": "#7"},
				"south": {"uv": [0, 0, 1.1, 7.3], "texture": "#7"},
				"west": {"uv": [10.35, 0, 16, 16], "texture": "#7"},
				"up": {"uv": [3, 0, 4.1, 2.65], "texture": "#7"},
				"down": {"uv": [0, 0, 0.1, 0.65], "texture": "#7"}
			}
		},
		{
			"from": [9, 1, 7.675],
			"to": [9.1, 3.3, 8.325],
			"faces": {
				"north": {"uv": [0, 0, 1.1, 7.3], "texture": "#7"},
				"east": {"uv": [0, 0, 5.65, 16], "texture": "#7"},
				"south": {"uv": [0, 0, 1.1, 7.3], "texture": "#7"},
				"west": {"uv": [0, 0, 0.65, 2.3], "texture": "#7"},
				"up": {"uv": [7, 0, 8.1, 2.65], "texture": "#7"},
				"down": {"uv": [0, 0, 0.1, 0.65], "texture": "#7"}
			}
		}
	],
	"display": {
		"thirdperson_righthand": {
			"rotation": [0, 90, 0],
			"translation": [0, 6.5, 0.25]
		},
		"thirdperson_lefthand": {
			"rotation": [0, 90, 0],
			"translation": [0, 6.5, 0.25]
		},
		"firstperson_righthand": {
			"rotation": [0, 90, 0],
			"translation": [0, 10.75, 2.75],
			"scale": [1.35, 1.35, 1.35]
		},
		"firstperson_lefthand": {
			"rotation": [0, 90, 0],
			"translation": [0, 10.75, 2.75],
			"scale": [1.35, 1.35, 1.35]
		},
		"ground": {
			"translation": [0, 5.25, 0]
		},
		"gui": {
			"rotation": [0, -180, 0],
			"translation": [0, 14.5, 0],
			"scale": [2.61, 2.61, 2.61]
		},
		"fixed": {
			"translation": [0, 13, 0],
			"scale": [2.39, 2.39, 2.39]
		}
	},
	"groups": [
		0,
		1,
		{
			"name": "group",
			"origin": [8, 8, 8],
			"color": 0,
			"children": [2, 3, 4, 5]
		}
	]
}