{
    "parent": "item/generated",
    "textures": {
        "layer0": "item/carrot_on_a_stick"
    },
    "overrides": [
        	{ "predicate": { "custom_model_data": 15000 }, "model": "item/block/charon"},
            { "predicate": { "custom_model_data": 15001 }, "model": "item/block/charon1"},
            { "predicate": { "custom_model_data": 15002 }, "model": "item/block/charon2"},
            { "predicate": { "custom_model_data": 15003 }, "model": "item/block/charon3"},
            { "predicate": { "custom_model_data": 15004 }, "model": "item/block/charon4"},
            { "predicate": { "custom_model_data": 15005 }, "model": "item/block/charon5"},
            { "predicate": { "custom_model_data": 15006 }, "model": "item/block/charon6"},
            { "predicate": { "custom_model_data": 15007 }, "model": "item/block/charon7"},
            { "predicate": { "custom_model_data": 15008 }, "model": "item/block/charon8"},
            { "predicate": { "custom_model_data": 15009 }, "model": "item/block/charon9"},
            { "predicate": { "custom_model_data": 15010 }, "model": "item/block/charon10"},
            { "predicate": { "custom_model_data": 15011 }, "model": "item/block/charon11"},
            { "predicate": { "custom_model_data": 15012 }, "model": "item/block/charon12"},
            { "predicate": { "custom_model_data": 15013 }, "model": "item/block/charon13"},
            { "predicate": { "custom_model_data": 15014 }, "model": "item/block/charon14"},
            { "predicate": { "custom_model_data": 15015 }, "model": "item/block/charon15"},
            { "predicate": { "custom_model_data": 16001 }, "model": "item/block/charondop1"},
            { "predicate": { "custom_model_data": 16002 }, "model": "item/block/charondop2"},
            { "predicate": { "custom_model_data": 16003 }, "model": "item/block/charondop3"},
            { "predicate": { "custom_model_data": 16004 }, "model": "item/block/charondop4"},
            { "predicate": { "custom_model_data": 16005 }, "model": "item/block/charondop5"},
            { "predicate": { "custom_model_data": 16006 }, "model": "item/block/charondop6"},
            { "predicate": { "custom_model_data": 16007 }, "model": "item/block/charondop7"}
    ]
}
